Date,Week,Month,Channel_1_Views,Channel_1_Interactions,Channel_2_Views,Channel_2_Interactions,Site_Visitors,Term_1,Term_2,Term_3
1/1/14,12/30/07,2014-1,"8,000",300,"7,500,000","36,000","29,200",16.0,16.0,47.0
1/2/14,1/6/08,2014-1,"13,000",700,"7,600,000","41,000","28,500",24.0,17.0,64.0
1/3/14,1/13/08,2014-1,"47,000","2,000","7,800,000","39,000","27,000",22.0,34.0,64.0
1/4/14,1/20/08,2014-1,"52,000","1,000","7,600,000","35,000","22,100",30.0,23.0,63.0
1/5/14,1/27/08,2014-1,"60,000","2,000","7,400,000","41,000","22,400",22.0,15.0,63.0
1/6/14,2/3/08,2014-1,"96,000","3,000","8,600,000","39,000","26,600",31.0,26.0,67.0
1/7/14,2/10/08,2014-1,"140,000","3,000","17,100,000","38,000","26,000",24.0,26.0,61.0
1/8/14,2/17/08,2014-1,"170,000","4,000","13,200,000","38,000","28,800",23.0,37.0,64.0
1/9/14,2/24/08,2014-1,"170,000","4,000","9,100,000","29,000","25,400",29.0,25.0,66.0
1/10/14,3/2/08,2014-1,"170,000","4,000","9,000,000","34,000","26,700",24.0,37.0,67.0
1/11/14,3/9/08,2014-1,"110,000","2,000","7,000,000","37,000","23,100",29.0,32.0,69.0
1/12/14,3/16/08,2014-1,"130,000","3,000","7,500,000","44,000","25,700",21.0,21.0,59.0
1/13/14,3/23/08,2014-1,"160,000","4,000","12,100,000","56,000","33,500",28.0,27.0,63.0
1/14/14,3/30/08,2014-1,"170,000","4,000","5,800,000","31,000","25,400",26.0,23.0,63.0
1/15/14,4/6/08,2014-1,"180,000","5,000","14,900,000","63,000","34,500",26.0,27.0,67.0
1/16/14,4/13/08,2014-1,"190,000","5,000","14,800,000","53,000","33,500",28.0,37.0,67.0
1/17/14,4/20/08,2014-1,"170,000","4,000","14,000,000","67,000","33,600",29.0,29.0,68.0
1/18/14,4/27/08,2014-1,"130,000","3,000","18,500,000","90,000","40,200",28.0,23.0,58.0
1/19/14,5/4/08,2014-1,"120,000","3,000","7,100,000","32,000","17,500",26.0,32.0,59.0
1/20/14,5/11/08,2014-1,"150,000","4,000","7,700,000","48,000","27,700",29.0,25.0,57.0
1/21/14,5/18/08,2014-1,"190,000","5,000","7,500,000","42,000","24,700",23.0,39.0,63.0
1/22/14,5/25/08,2014-1,"210,000","5,000","8,600,000","37,000","25,600",24.0,24.0,58.0
1/23/14,6/1/08,2014-1,"180,000","5,000","7,800,000","43,000","27,500",23.0,15.0,55.0
1/24/14,6/8/08,2014-1,"160,000","4,000","9,600,000","38,000","25,500",24.0,20.0,53.0
1/25/14,6/15/08,2014-1,"120,000","3,000","11,300,000","40,000","21,900",20.0,24.0,49.0
1/26/14,6/22/08,2014-1,"130,000","3,000","12,600,000","43,000","23,400",23.0,18.0,46.0
1/27/14,6/29/08,2014-1,"250,000","5,000","19,700,000","68,000","39,700",23.0,19.0,46.0
1/28/14,7/6/08,2014-1,"290,000","5,000","27,300,000","110,000","55,300",26.0,17.0,45.0
1/29/14,7/13/08,2014-1,"300,000","4,000","28,100,000","110,000","57,000",26.0,11.0,46.0
1/30/14,7/20/08,2014-1,"250,000","5,000","27,000,000","110,000","56,900",25.0,16.0,50.0
1/31/14,7/27/08,2014-1,"200,000","4,000","23,800,000","100,000","54,200",24.0,11.0,46.0
2/1/14,8/3/08,2014-2,"170,000","3,000","6,500,000","34,000","30,100",30.0,12.0,47.0
2/2/14,8/10/08,2014-2,"170,000","3,000","6,300,000","28,000","25,600",31.0,21.0,54.0
2/3/14,8/17/08,2014-2,"210,000","5,000","10,900,000","46,000","37,800",33.0,18.0,67.0
2/4/14,8/24/08,2014-2,"200,000","4,000","6,300,000","30,000","33,600",32.0,17.0,58.0
2/5/14,8/31/08,2014-2,"190,000","4,000","8,600,000","31,000","29,800",27.0,14.0,58.0
2/6/14,9/7/08,2014-2,"190,000","4,000","10,600,000","34,000","30,000",30.0,17.0,65.0
2/7/14,9/14/08,2014-2,"160,000","4,000","10,000,000","33,000","25,400",34.0,17.0,63.0
2/8/14,9/21/08,2014-2,"120,000","2,000","10,500,000","41,000","24,000",35.0,28.0,77.0
2/9/14,9/28/08,2014-2,"130,000","3,000","10,400,000","31,000","20,800",30.0,25.0,69.0
2/10/14,10/5/08,2014-2,"180,000","4,000","10,800,000","39,000","28,800",40.0,34.0,65.0
2/11/14,10/12/08,2014-2,"180,000","4,000","12,700,000","36,000","28,400",35.0,23.0,74.0
2/12/14,10/19/08,2014-2,"170,000","4,000","16,200,000","43,000","31,400",35.0,29.0,83.0
2/13/14,10/26/08,2014-2,"160,000","4,000","19,200,000","48,000","33,200",37.0,15.0,73.0
2/14/14,11/2/08,2014-2,"120,000","3,000","16,300,000","45,000","29,800",34.0,25.0,69.0
2/15/14,11/9/08,2014-2,"110,000","2,000","14,400,000","38,000","25,400",32.0,30.0,75.0
2/16/14,11/16/08,2014-2,"120,000","2,000","15,800,000","53,000","30,200",34.0,32.0,73.0
2/17/14,11/23/08,2014-2,"170,000","4,000","15,400,000","27,000","24,700",26.0,21.0,58.0
2/18/14,11/30/08,2014-2,"190,000","4,000","18,900,000","49,000","35,400",35.0,29.0,67.0
2/19/14,12/7/08,2014-2,"190,000","4,000","15,800,000","50,000","36,000",42.0,27.0,67.0
2/20/14,12/14/08,2014-2,"180,000","5,000","13,500,000","37,000","32,300",33.0,18.0,56.0
2/21/14,12/21/08,2014-2,"160,000","4,000","13,500,000","43,000","33,000",22.0,18.0,33.0
2/22/14,12/28/08,2014-2,"120,000","3,000","13,400,000","47,000","31,200",28.0,18.0,37.0
2/23/14,1/4/09,2014-2,"140,000","3,000","12,500,000","39,000","27,900",30.0,13.0,59.0
2/24/14,1/11/09,2014-2,"230,000","7,000","14,500,000","46,000","38,400",33.0,23.0,60.0
2/25/14,1/18/09,2014-2,"270,000","7,000","14,300,000","42,000","37,400",33.0,20.0,61.0
2/26/14,1/25/09,2014-2,"220,000","5,000","14,900,000","42,000","35,400",33.0,21.0,64.0
2/27/14,2/1/09,2014-2,"190,000","5,000","18,400,000","56,000","37,500",36.0,23.0,61.0
2/28/14,2/8/09,2014-2,"210,000","5,000","16,200,000","50,000","35,000",34.0,25.0,64.0
3/1/14,2/15/09,2014-3,"55,000","2,000","8,200,000","36,000","25,300",39.0,16.0,61.0
3/2/14,2/22/09,2014-3,"130,000","3,000","16,300,000","49,000","31,200",39.0,24.0,62.0
3/3/14,3/1/09,2014-3,"100,000","3,000","12,000,000","47,000","34,300",39.0,24.0,61.0
3/4/14,3/8/09,2014-3,"160,000","5,000","9,700,000","23,000","26,300",40.0,30.0,65.0
3/5/14,3/15/09,2014-3,"180,000","5,000","13,600,000","24,000","26,500",40.0,29.0,63.0
3/6/14,3/22/09,2014-3,"190,000","5,000","41,400,000","35,000","28,800",34.0,25.0,63.0
3/7/14,3/29/09,2014-3,"160,000","4,000","13,300,000","29,000","24,200",39.0,32.0,61.0
3/8/14,4/5/09,2014-3,"130,000","3,000","57,100,000","79,000","50,100",34.0,34.0,58.0
3/9/14,4/12/09,2014-3,"140,000","3,000","10,000,000","56,000","18,800",37.0,33.0,58.0
3/10/14,4/19/09,2014-3,"200,000","5,000","12,200,000","39,000","24,000",37.0,37.0,65.0
3/11/14,4/26/09,2014-3,"230,000","7,000","12,900,000","44,000","28,400",41.0,25.0,64.0
3/12/14,5/3/09,2014-3,"240,000","7,000","12,500,000","40,000","26,600",43.0,26.0,61.0
3/13/14,5/10/09,2014-3,"200,000","5,000","23,900,000","32,000","28,300",34.0,24.0,58.0
3/14/14,5/17/09,2014-3,"170,000","4,000","14,400,000","29,000","24,700",39.0,21.0,73.0
3/15/14,5/24/09,2014-3,"140,000","3,000","165,400,000","120,000","70,400",31.0,26.0,56.0
3/16/14,5/31/09,2014-3,"150,000","3,000","12,000,000","20,000","19,300",31.0,23.0,56.0
3/17/14,6/7/09,2014-3,"190,000","5,000","14,900,000","33,000","28,200",33.0,23.0,53.0
3/18/14,6/14/09,2014-3,"170,000","5,000","13,900,000","32,000","26,700",33.0,17.0,52.0
3/19/14,6/21/09,2014-3,"170,000","5,000","25,900,000","51,000","36,300",31.0,22.0,49.0
3/20/14,6/28/09,2014-3,"170,000","4,000","17,600,000","55,000","38,200",28.0,15.0,45.0
3/21/14,7/5/09,2014-3,"120,000","3,000","23,700,000","63,000","39,000",32.0,18.0,47.0
3/22/14,7/12/09,2014-3,"100,000","2,000","23,100,000","61,000","35,700",31.0,12.0,49.0
3/23/14,7/19/09,2014-3,"110,000","3,000","29,600,000","65,000","35,800",31.0,18.0,48.0
3/24/14,7/26/09,2014-3,"120,000","3,000","37,200,000","69,000","44,000",30.0,20.0,49.0
3/25/14,8/2/09,2014-3,"170,000","4,000","31,900,000","69,000","46,100",38.0,20.0,45.0
3/26/14,8/9/09,2014-3,"170,000","4,000","31,600,000","69,000","46,000",32.0,16.0,46.0
3/27/14,8/16/09,2014-3,"200,000","5,000","35,000,000","66,000","44,600",35.0,17.0,49.0
3/28/14,8/23/09,2014-3,"120,000","3,000","35,600,000","100,000","52,900",38.0,15.0,51.0
3/29/14,8/30/09,2014-3,"85,000","2,000","38,000,000","140,000","64,000",39.0,14.0,52.0
3/30/14,9/6/09,2014-3,"100,000","2,000","37,400,000","140,000","66,200",34.0,15.0,57.0
3/31/14,9/13/09,2014-3,"140,000","4,000","32,500,000","110,000","60,200",41.0,23.0,64.0
4/1/14,9/20/09,2014-4,"260,000","4,000","4,400,000","24,000","27,400",49.0,22.0,65.0
4/2/14,9/27/09,2014-4,"290,000","5,000","4,800,000","28,000","24,400",38.0,15.0,66.0
4/3/14,10/4/09,2014-4,"250,000","4,000","5,900,000","29,000","22,300",41.0,32.0,68.0
4/4/14,10/11/09,2014-4,"250,000","4,000","5,800,000","29,000","20,000",43.0,20.0,64.0
4/5/14,10/18/09,2014-4,"240,000","3,000","4,600,000","28,000","16,100",40.0,25.0,65.0
4/6/14,10/25/09,2014-4,"260,000","3,000","4,800,000","31,000","15,300",43.0,18.0,62.0
4/7/14,11/1/09,2014-4,"270,000","4,000","5,800,000","28,000","19,100",38.0,23.0,68.0
4/8/14,11/8/09,2014-4,"230,000","4,000","6,100,000","29,000","20,100",41.0,27.0,68.0
4/9/14,11/15/09,2014-4,"180,000","4,000","7,100,000","26,000","18,500",38.0,33.0,64.0
4/10/14,11/22/09,2014-4,"160,000","4,000","9,400,000","31,000","19,800",29.0,29.0,59.0
4/11/14,11/29/09,2014-4,"100,000","3,000","9,900,000","30,000","18,000",41.0,30.0,62.0
4/12/14,12/6/09,2014-4,"110,000","2,000","7,900,000","28,000","13,800",54.0,25.0,62.0
4/13/14,12/13/09,2014-4,"120,000","3,000","8,000,000","29,000","13,600",49.0,20.0,54.0
4/14/14,12/20/09,2014-4,"130,000","3,000","9,500,000","27,000","18,100",29.0,16.0,38.0
4/15/14,12/27/09,2014-4,"140,000","4,000","9,900,000","30,000","19,800",29.0,16.0,44.0
4/16/14,1/3/10,2014-4,"130,000","3,000","15,900,000","32,000","20,300",38.0,25.0,54.0
4/17/14,1/10/10,2014-4,"150,000","4,000","16,400,000","34,000","21,300",42.0,29.0,57.0
4/18/14,1/17/10,2014-4,"130,000","3,000","16,400,000","33,000","18,300",36.0,21.0,60.0
4/19/14,1/24/10,2014-4,"110,000","3,000","15,600,000","37,000","16,300",40.0,30.0,62.0
4/20/14,1/31/10,2014-4,"110,000","2,000","15,300,000","38,000","17,000",37.0,23.0,63.0
4/21/14,2/7/10,2014-4,"140,000","4,000","17,200,000","30,000","20,500",37.0,36.0,60.0
4/22/14,2/14/10,2014-4,"140,000","4,000","18,600,000","39,000","24,300",41.0,22.0,62.0
4/23/14,2/21/10,2014-4,"140,000","4,000","18,000,000","32,000","20,700",40.0,29.0,64.0
4/24/14,2/28/10,2014-4,"140,000","4,000","25,200,000","41,000","25,800",43.0,30.0,66.0
4/25/14,3/7/10,2014-4,"130,000","3,000","23,700,000","41,000","23,500",44.0,33.0,70.0
4/26/14,3/14/10,2014-4,"100,000","2,000","21,000,000","41,000","19,400",41.0,27.0,68.0
4/27/14,3/21/10,2014-4,"120,000","3,000","20,500,000","41,000","20,700",48.0,37.0,71.0
4/28/14,3/28/10,2014-4,"170,000","4,000","23,800,000","40,000","25,400",44.0,21.0,63.0
4/29/14,4/4/10,2014-4,"180,000","6,000","17,400,000","32,000","25,300",51.0,28.0,70.0
4/30/14,4/11/10,2014-4,"160,000","4,000","16,800,000","28,000","21,700",42.0,40.0,67.0
5/1/14,4/18/10,2014-5,"170,000","4,000","6,900,000","19,000","18,700",45.0,33.0,71.0
5/2/14,4/25/10,2014-5,"140,000","4,000","8,000,000","21,000","17,600",51.0,40.0,73.0
5/3/14,5/2/10,2014-5,"120,000","3,000","7,000,000","22,000","14,100",51.0,29.0,67.0
5/4/14,5/9/10,2014-5,"140,000","3,000","5,500,000","23,000","14,200",45.0,27.0,65.0
5/5/14,5/16/10,2014-5,"160,000","4,000","5,800,000","21,000","18,400",43.0,30.0,74.0
5/6/14,5/23/10,2014-5,"170,000","5,000","6,500,000","24,000","19,800",36.0,21.0,61.0
5/7/14,5/30/10,2014-5,"160,000","4,000","6,600,000","23,000","19,400",37.0,21.0,57.0
5/8/14,6/6/10,2014-5,"170,000","4,000","6,400,000","23,000","18,500",38.0,17.0,53.0
5/9/14,6/13/10,2014-5,"170,000","4,000","5,900,000","22,000","16,600",36.0,19.0,52.0
5/10/14,6/20/10,2014-5,"130,000","3,000","6,000,000","25,000","14,500",35.0,19.0,49.0
5/11/14,6/27/10,2014-5,"120,000","3,000","5,600,000","22,000","12,700",37.0,16.0,48.0
5/12/14,7/4/10,2014-5,"190,000","5,000","6,300,000","22,000","18,500",39.0,13.0,49.0
5/13/14,7/11/10,2014-5,"200,000","5,000","7,300,000","24,000","19,900",43.0,16.0,49.0
5/14/14,7/18/10,2014-5,"200,000","5,000","7,400,000","25,000","20,600",40.0,23.0,53.0
5/15/14,7/25/10,2014-5,"190,000","4,000","8,100,000","22,000","19,300",41.0,15.0,50.0
5/16/14,8/1/10,2014-5,"160,000","4,000","9,700,000","23,000","18,000",42.0,25.0,52.0
5/17/14,8/8/10,2014-5,"120,000","3,000","9,200,000","21,000","14,100",47.0,17.0,54.0
5/18/14,8/15/10,2014-5,"130,000","3,000","9,600,000","24,000","15,300",48.0,17.0,55.0
5/19/14,8/22/10,2014-5,"200,000","5,000","10,200,000","23,000","18,800",46.0,20.0,53.0
5/20/14,8/29/10,2014-5,"200,000","5,000","10,600,000","23,000","19,100",53.0,17.0,54.0
5/21/14,9/5/10,2014-5,"190,000","5,000","10,600,000","23,000","19,300",48.0,18.0,55.0
5/22/14,9/12/10,2014-5,"190,000","4,000","10,700,000","22,000","18,300",53.0,18.0,70.0
5/23/14,9/19/10,2014-5,"160,000","4,000","10,700,000","26,000","19,000",57.0,22.0,67.0
5/24/14,9/26/10,2014-5,"120,000","3,000","9,500,000","23,000","14,300",54.0,25.0,78.0
5/25/14,10/3/10,2014-5,"130,000","3,000","9,400,000","23,000","14,000",63.0,23.0,73.0
5/26/14,10/10/10,2014-5,"170,000","4,000","9,300,000","24,000","14,700",58.0,21.0,69.0
5/27/14,10/17/10,2014-5,"210,000","5,000","10,300,000","24,000","20,100",62.0,25.0,64.0
5/28/14,10/24/10,2014-5,"210,000","5,000","11,200,000","24,000","20,300",57.0,22.0,64.0
5/29/14,10/31/10,2014-5,"200,000","5,000","10,300,000","22,000","20,000",54.0,24.0,64.0
5/30/14,11/7/10,2014-5,"160,000","4,000","12,700,000","29,000","20,400",60.0,22.0,69.0
5/31/14,11/14/10,2014-5,"130,000","3,000","11,200,000","31,000","16,400",54.0,28.0,73.0
6/1/14,11/21/10,2014-6,"150,000","4,000","4,600,000","17,000","14,600",42.0,18.0,55.0
6/2/14,11/28/10,2014-6,"180,000","5,000","5,400,000","20,000","20,300",52.0,29.0,62.0
6/3/14,12/5/10,2014-6,"180,000","5,000","5,000,000","17,000","18,800",66.0,30.0,65.0
6/4/14,12/12/10,2014-6,"170,000","4,000","6,700,000","23,000","19,100",60.0,25.0,61.0
6/5/14,12/19/10,2014-6,"150,000","3,000","6,500,000","24,000","18,700",43.0,18.0,45.0
6/6/14,12/26/10,2014-6,"140,000","3,000","6,400,000","23,000","17,400",35.0,14.0,44.0
6/7/14,1/2/11,2014-6,"110,000","3,000","6,000,000","20,000","13,900",49.0,23.0,56.0
6/8/14,1/9/11,2014-6,"130,000","3,000","6,400,000","25,000","15,500",48.0,18.0,59.0
6/9/14,1/16/11,2014-6,"160,000","4,000","6,500,000","21,000","17,500",56.0,24.0,59.0
6/10/14,1/23/11,2014-6,"160,000","4,000","7,200,000","26,000","20,200",47.0,25.0,63.0
6/11/14,1/30/11,2014-6,"160,000","4,000","6,500,000","23,000","17,800",49.0,17.0,60.0
6/12/14,2/6/11,2014-6,"160,000","4,000","5,000,000","19,000","16,800",58.0,29.0,68.0
6/13/14,2/13/11,2014-6,"140,000","4,000","4,400,000","17,000","14,400",52.0,22.0,64.0
6/14/14,2/20/11,2014-6,"120,000","4,000","5,000,000","25,000","14,900",55.0,33.0,66.0
6/15/14,2/27/11,2014-6,"120,000","3,000","3,900,000","17,000","11,000",55.0,26.0,64.0
6/16/14,3/6/11,2014-6,"170,000","5,000","5,300,000","22,000","17,700",56.0,30.0,66.0
6/17/14,3/13/11,2014-6,"150,000","4,000","5,400,000","24,000","17,500",49.0,29.0,63.0
6/18/14,3/20/11,2014-6,"150,000","4,000","5,100,000","21,000","16,400",58.0,32.0,68.0
6/19/14,3/27/11,2014-6,"150,000","4,000","5,500,000","23,000","17,000",63.0,31.0,70.0
6/20/14,4/3/11,2014-6,"130,000","4,000","5,100,000","22,000","16,100",61.0,32.0,66.0
6/21/14,4/10/11,2014-6,"110,000","3,000","3,800,000","21,000","11,900",54.0,26.0,70.0
6/22/14,4/17/11,2014-6,"120,000","4,000","4,100,000","23,000","13,400",59.0,30.0,61.0
6/23/14,4/24/11,2014-6,"160,000","4,000","5,200,000","19,000","15,700",65.0,33.0,65.0
6/24/14,5/1/11,2014-6,"160,000","4,000","5,400,000","18,000","16,200",69.0,37.0,62.0
6/25/14,5/8/11,2014-6,"160,000","4,000","5,700,000","19,000","15,100",57.0,37.0,66.0
6/26/14,5/15/11,2014-6,"140,000","4,000","5,900,000","19,000","13,000",54.0,29.0,64.0
6/27/14,5/22/11,2014-6,"130,000","4,000","6,700,000","23,000","14,000",48.0,30.0,68.0
6/28/14,5/29/11,2014-6,"110,000","3,000","4,900,000","22,000","11,200",43.0,22.0,57.0
6/29/14,6/5/11,2014-6,"120,000","3,000","5,100,000","21,000","11,200",50.0,21.0,58.0
6/30/14,6/12/11,2014-6,"150,000","4,000","8,800,000","21,000","14,100",47.0,20.0,55.0
7/1/14,6/19/11,2014-7,"150,000","4,000","360,000","1,000","9,800",46.0,22.0,54.0
7/2/14,6/26/11,2014-7,"140,000","4,000","370,000","2,000","9,500",47.0,24.0,51.0
7/3/14,7/3/11,2014-7,"120,000","3,000","400,000","2,000","8,800",41.0,19.0,49.0
7/4/14,7/10/11,2014-7,"88,000","3,000","330,000","2,000","5,200",51.0,18.0,53.0
7/5/14,7/17/11,2014-7,"90,000","3,000","360,000","2,000","5,300",52.0,22.0,52.0
7/6/14,7/24/11,2014-7,"93,000","3,000","400,000","2,000","5,600",52.0,20.0,59.0
7/7/14,7/31/11,2014-7,"130,000","4,000","1,900,000","9,000","12,100",57.0,16.0,57.0
7/8/14,8/7/11,2014-7,"120,000","4,000","3,000,000","15,000","14,900",55.0,18.0,62.0
7/9/14,8/14/11,2014-7,"120,000","3,000","2,900,000","15,000","14,400",57.0,23.0,63.0
7/10/14,8/21/11,2014-7,"130,000","3,000","3,600,000","16,000","14,400",55.0,15.0,65.0
7/11/14,8/28/11,2014-7,"120,000","3,000","3,100,000","14,000","13,100",65.0,14.0,66.0
7/12/14,9/4/11,2014-7,"93,000","3,000","2,900,000","15,000","10,700",55.0,19.0,66.0
7/13/14,9/11/11,2014-7,"100,000","3,000","2,800,000","14,000","10,400",60.0,21.0,72.0
7/14/14,9/18/11,2014-7,"140,000","4,000","3,600,000","19,000","15,400",69.0,20.0,77.0
7/15/14,9/25/11,2014-7,"130,000","4,000","6,800,000","20,000","15,500",66.0,24.0,76.0
7/16/14,10/2/11,2014-7,"220,000","4,000","6,800,000","19,000","15,900",62.0,27.0,77.0
7/17/14,10/9/11,2014-7,"260,000","4,000","5,300,000","21,000","15,800",70.0,25.0,76.0
7/18/14,10/16/11,2014-7,"200,000","4,000","4,300,000","13,000","12,700",72.0,30.0,83.0
7/19/14,10/23/11,2014-7,"180,000","3,000","5,000,000","19,000","11,500",64.0,28.0,78.0
7/20/14,10/30/11,2014-7,"210,000","4,000","4,400,000","16,000","11,100",67.0,27.0,78.0
7/21/14,11/6/11,2014-7,"260,000","6,000","5,500,000","19,000","16,500",72.0,27.0,77.0
7/22/14,11/13/11,2014-7,"250,000","5,000","7,600,000","21,000","17,200",74.0,32.0,78.0
7/23/14,11/20/11,2014-7,"240,000","5,000","8,600,000","22,000","17,000",58.0,26.0,66.0
7/24/14,11/27/11,2014-7,"230,000","5,000","9,000,000","22,000","17,300",78.0,29.0,77.0
7/25/14,12/4/11,2014-7,"200,000","5,000","9,000,000","24,000","18,200",81.0,35.0,74.0
7/26/14,12/11/11,2014-7,"180,000","4,000","7,600,000","23,000","14,600",90.0,23.0,71.0
7/27/14,12/18/11,2014-7,"190,000","4,000","7,700,000","23,000","14,700",58.0,15.0,55.0
7/28/14,12/25/11,2014-7,"240,000","5,000","8,200,000","22,000","18,300",50.0,10.0,49.0
7/29/14,1/1/12,2014-7,"230,000","5,000","7,000,000","21,000","18,000",60.0,21.0,61.0
7/30/14,1/8/12,2014-7,"240,000","4,000","12,000,000","25,000","19,900",73.0,20.0,73.0
7/31/14,1/15/12,2014-7,"210,000","4,000","9,100,000","20,000","16,700",70.0,24.0,64.0
8/1/14,1/22/12,2014-8,"200,000","3,000","5,800,000","21,000","16,500",77.0,25.0,65.0
8/2/14,1/29/12,2014-8,"200,000","3,000","5,500,000","24,000","15,200",78.0,19.0,65.0
8/3/14,2/5/12,2014-8,"180,000","3,000","5,100,000","25,000","16,200",79.0,25.0,61.0
8/4/14,2/12/12,2014-8,"260,000","5,000","5,800,000","23,000","20,000",75.0,26.0,64.0
8/5/14,2/19/12,2014-8,"230,000","5,000","6,900,000","23,000","19,600",79.0,26.0,65.0
8/6/14,2/26/12,2014-8,"200,000","5,000","7,400,000","24,000","19,700",83.0,31.0,64.0
8/7/14,3/4/12,2014-8,"210,000","5,000","8,200,000","25,000","20,000",76.0,30.0,66.0
8/8/14,3/11/12,2014-8,"190,000","5,000","7,400,000","24,000","20,700",65.0,31.0,63.0
8/9/14,3/18/12,2014-8,"160,000","4,000","5,700,000","19,000","16,100",67.0,30.0,63.0
8/10/14,3/25/12,2014-8,"170,000","4,000","6,100,000","23,000","17,000",69.0,23.0,63.0
8/11/14,4/1/12,2014-8,"240,000","5,000","7,900,000","20,000","20,300",72.0,26.0,57.0
8/12/14,4/8/12,2014-8,"230,000","5,000","9,800,000","27,000","22,800",76.0,31.0,60.0
8/13/14,4/15/12,2014-8,"220,000","5,000","8,500,000","22,000","19,100",74.0,31.0,62.0
8/14/14,4/22/12,2014-8,"210,000","4,000","8,800,000","26,000","18,200",78.0,28.0,63.0
8/15/14,4/29/12,2014-8,"190,000","4,000","7,700,000","23,000","15,600",92.0,36.0,60.0
8/16/14,5/6/12,2014-8,"150,000","3,000","8,300,000","28,000","16,000",76.0,24.0,64.0
8/17/14,5/13/12,2014-8,"170,000","3,000","6,200,000","22,000","13,100",68.0,26.0,60.0
8/18/14,5/20/12,2014-8,"220,000","5,000","9,300,000","28,000","19,300",66.0,26.0,55.0
8/19/14,5/27/12,2014-8,"230,000","5,000","8,000,000","26,000","19,200",57.0,21.0,55.0
8/20/14,6/3/12,2014-8,"340,000","9,000","9,400,000","27,000","22,500",67.0,23.0,55.0
8/21/14,6/10/12,2014-8,"280,000","7,000","9,100,000","25,000","21,200",69.0,23.0,54.0
8/22/14,6/17/12,2014-8,"230,000","5,000","7,900,000","24,000","18,900",64.0,22.0,52.0
8/23/14,6/24/12,2014-8,"180,000","4,000","7,100,000","25,000","16,100",66.0,15.0,50.0
8/24/14,7/1/12,2014-8,"200,000","5,000","7,900,000","27,000","17,400",60.0,16.0,48.0
8/25/14,7/8/12,2014-8,"270,000","6,000","8,000,000","23,000","19,100",58.0,26.0,51.0
8/26/14,7/15/12,2014-8,"280,000","7,000","15,900,000","39,000","21,300",65.0,21.0,52.0
8/27/14,7/22/12,2014-8,"280,000","7,000","25,000,000","51,000","22,600",65.0,19.0,54.0
8/28/14,7/29/12,2014-8,"390,000","7,000","28,300,000","54,000","24,600",63.0,19.0,52.0
8/29/14,8/5/12,2014-8,"300,000","7,000","30,500,000","56,000","25,200",68.0,18.0,54.0
8/30/14,8/12/12,2014-8,"230,000","5,000","26,700,000","53,000","18,700",72.0,27.0,54.0
8/31/14,8/19/12,2014-8,"240,000","5,000","25,700,000","52,000","18,000",72.0,21.0,57.0
9/1/14,8/26/12,2014-9,"290,000","6,000","5,900,000","24,000","16,300",68.0,21.0,57.0
9/2/14,9/2/12,2014-9,"350,000","7,000","11,300,000","43,000","21,300",69.0,22.0,60.0
9/3/14,9/9/12,2014-9,"370,000","7,000","11,800,000","40,000","22,100",79.0,26.0,64.0
9/4/14,9/16/12,2014-9,"370,000","8,000","10,900,000","40,000","22,300",83.0,23.0,67.0
9/5/14,9/23/12,2014-9,"330,000","7,000","10,800,000","37,000","21,300",83.0,21.0,66.0
9/6/14,9/30/12,2014-9,"330,000","6,000","9,500,000","35,000","15,600",81.0,26.0,69.0
9/7/14,10/7/12,2014-9,"320,000","6,000","9,400,000","37,000","16,500",75.0,32.0,70.0
9/8/14,10/14/12,2014-9,"370,000","8,000","10,200,000","35,000","20,900",81.0,29.0,70.0
9/9/14,10/21/12,2014-9,"370,000","8,000","10,100,000","37,000","20,500",83.0,28.0,70.0
9/10/14,10/28/12,2014-9,"370,000","8,000","11,300,000","41,000","57,100",70.0,28.0,63.0
9/11/14,11/4/12,2014-9,"370,000","7,000","10,700,000","37,000","22,700",75.0,33.0,65.0
9/12/14,11/11/12,2014-9,"380,000","7,000","18,100,000","85,000","25,100",78.0,31.0,70.0
9/13/14,11/18/12,2014-9,"330,000","6,000","15,400,000","85,000","22,100",58.0,23.0,63.0
9/14/14,11/25/12,2014-9,"370,000","6,000","14,900,000","67,000","21,800",83.0,22.0,70.0
9/15/14,12/2/12,2014-9,"420,000","8,000","26,400,000","110,000","33,100",96.0,39.0,65.0
9/16/14,12/9/12,2014-9,"490,000","8,000","20,600,000","79,000","31,500",100.0,31.0,64.0
9/17/14,12/16/12,2014-9,"390,000","9,000","159,100,000","200,000","56,900",70.0,18.0,63.0
9/18/14,12/23/12,2014-9,"360,000","9,000","20,100,000","82,000","32,800",54.0,16.0,43.0
9/19/14,12/30/12,2014-9,"340,000","7,000","22,000,000","86,000","29,700",60.0,20.0,51.0
9/20/14,1/6/13,2014-9,"280,000","6,000","18,900,000","88,000","23,600",68.0,21.0,60.0
9/21/14,1/13/13,2014-9,"330,000","6,000","20,500,000","87,000","24,500",75.0,25.0,63.0
9/22/14,1/20/13,2014-9,"380,000","8,000","25,400,000","87,000","28,900",75.0,26.0,66.0
9/23/14,1/27/13,2014-9,"360,000","8,000","24,200,000","84,000","30,500",78.0,25.0,66.0
9/24/14,2/3/13,2014-9,"410,000","9,000","21,000,000","78,000","26,900",80.0,31.0,68.0
9/25/14,2/10/13,2014-9,"400,000","8,000","19,800,000","75,000","28,000",75.0,29.0,62.0
9/26/14,2/17/13,2014-9,"320,000","7,000","20,600,000","77,000","25,100",74.0,27.0,61.0
9/27/14,2/24/13,2014-9,"260,000","5,000","21,700,000","86,000","23,200",76.0,34.0,67.0
9/28/14,3/3/13,2014-9,"300,000","6,000","20,700,000","78,000","22,700",78.0,39.0,73.0
9/29/14,3/10/13,2014-9,"380,000","8,000","26,000,000","87,000","50,200",71.0,31.0,67.0
9/30/14,3/17/13,2014-9,"390,000","8,000","22,500,000","67,000","25,900",79.0,37.0,66.0
10/1/14,3/24/13,2014-10,"350,000","7,000","6,100,000","8,000","17,000",69.0,30.0,60.0
10/2/14,3/31/13,2014-10,"340,000","7,000","4,900,000","8,000","14,500",75.0,30.0,71.0
10/3/14,4/7/13,2014-10,"300,000","6,000","4,900,000","8,000","12,000",77.0,30.0,68.0
10/4/14,4/14/13,2014-10,"230,000","4,000","2,100,000","7,000","8,100",84.0,29.0,66.0
10/5/14,4/21/13,2014-10,"260,000","5,000","2,300,000","7,000","8,500",82.0,34.0,67.0
10/6/14,4/28/13,2014-10,"360,000","7,000","2,700,000","7,000","14,000",95.0,37.0,69.0
10/7/14,5/5/13,2014-10,"370,000","7,000","3,200,000","10,000","15,500",84.0,30.0,63.0
10/8/14,5/12/13,2014-10,"340,000","7,000","4,500,000","14,000","16,500",68.0,37.0,66.0
10/9/14,5/19/13,2014-10,"340,000","7,000","4,700,000","13,000","16,400",64.0,31.0,64.0
10/10/14,5/26/13,2014-10,"300,000","6,000","3,800,000","14,000","15,400",60.0,31.0,59.0
10/11/14,6/2/13,2014-10,"240,000","4,000","4,300,000","19,000","11,700",62.0,23.0,58.0
10/12/14,6/9/13,2014-10,"260,000","5,000","4,300,000","19,000","12,200",62.0,25.0,57.0
10/13/14,6/16/13,2014-10,"410,000","10,000","5,100,000","19,000","18,700",59.0,26.0,56.0
10/14/14,6/23/13,2014-10,"360,000","8,000","4,900,000","19,000","17,800",58.0,24.0,56.0
10/15/14,6/30/13,2014-10,"350,000","7,000","4,900,000","14,000","16,300",55.0,20.0,50.0
10/16/14,7/7/13,2014-10,"310,000","7,000","4,900,000","10,000","14,600",62.0,21.0,54.0
10/17/14,7/14/13,2014-10,"280,000","5,000","3,700,000","10,000","12,600",62.0,20.0,53.0
10/18/14,7/21/13,2014-10,"230,000","4,000","2,800,000","10,000","10,000",66.0,21.0,52.0
10/19/14,7/28/13,2014-10,"270,000","4,000","3,200,000","10,000","9,600",64.0,26.0,53.0
10/20/14,8/4/13,2014-10,"290,000","6,000","4,300,000","11,000","14,600",66.0,18.0,53.0
10/21/14,8/11/13,2014-10,"320,000","6,000","4,700,000","10,000","15,100",61.0,23.0,56.0
10/22/14,8/18/13,2014-10,"290,000","6,000","3,900,000","8,000","14,100",67.0,24.0,57.0
10/23/14,8/25/13,2014-10,"280,000","5,000","6,700,000","14,000","14,100",66.0,23.0,58.0
10/24/14,9/1/13,2014-10,"260,000","5,000","9,200,000","44,000","14,800",73.0,23.0,59.0
10/25/14,9/8/13,2014-10,"220,000","4,000","11,100,000","75,000","17,600",77.0,25.0,67.0
10/26/14,9/15/13,2014-10,"280,000","4,000","10,600,000","70,000","17,800",80.0,23.0,67.0
10/27/14,9/22/13,2014-10,"290,000","5,000","158,900,000","190,000","30,000",79.0,28.0,70.0
10/28/14,9/29/13,2014-10,"230,000","4,000","16,200,000","77,000","23,700",72.0,35.0,72.0
10/29/14,10/6/13,2014-10,"230,000","4,000","17,200,000","79,000","23,900",81.0,32.0,68.0
10/30/14,10/13/13,2014-10,"190,000","4,000","154,500,000","180,000","32,300",74.0,31.0,69.0
10/31/14,10/20/13,2014-10,"160,000","3,000","15,000,000","58,000","19,700",78.0,33.0,69.0
11/1/14,10/27/13,2014-11,"140,000","2,000","7,300,000","49,000","15,100",75.0,36.0,66.0
11/2/14,11/3/13,2014-11,"150,000","3,000","9,200,000","59,000","17,400",75.0,35.0,68.0
11/3/14,11/10/13,2014-11,"230,000","5,000","31,300,000","48,000","19,900",76.0,37.0,70.0
11/4/14,11/17/13,2014-11,"270,000","6,000","32,400,000","52,000","19,900",80.0,36.0,71.0
11/5/14,11/24/13,2014-11,"390,000","6,000","32,200,000","53,000","21,300",59.0,27.0,59.0
11/6/14,12/1/13,2014-11,"360,000","5,000","34,300,000","61,000","20,700",79.0,36.0,64.0
11/7/14,12/8/13,2014-11,"290,000","4,000","33,900,000","57,000","18,100",91.0,34.0,66.0
11/8/14,12/15/13,2014-11,"220,000","3,000","9,700,000","50,000","16,500",78.0,22.0,60.0
11/9/14,12/22/13,2014-11,"250,000","4,000","9,900,000","51,000","17,200",43.0,12.0,41.0
11/10/14,12/29/13,2014-11,"330,000","5,000","10,800,000","51,000","21,900",55.0,24.0,50.0
11/11/14,1/5/14,2014-11,"290,000","4,000","15,300,000","55,000","22,400",62.0,26.0,58.0
11/12/14,1/12/14,2014-11,"250,000","5,000","14,300,000","44,000","20,000",73.0,32.0,64.0
11/13/14,1/19/14,2014-11,"220,000","4,000","16,200,000","62,000","23,100",72.0,28.0,63.0
11/14/14,1/26/14,2014-11,"190,000","4,000","101,200,000","150,000","85,300",69.0,26.0,67.0
11/15/14,2/2/14,2014-11,"230,000","3,000","13,900,000","50,000","16,300",76.0,24.0,67.0
11/16/14,2/9/14,2014-11,"290,000","3,000","13,900,000","50,000","16,600",68.0,36.0,65.0
11/17/14,2/16/14,2014-11,"390,000","4,000","15,200,000","54,000","19,700",76.0,32.0,67.0
11/18/14,2/23/14,2014-11,"250,000","4,000","14,800,000","53,000","21,300",84.0,37.0,80.0
11/19/14,3/2/14,2014-11,"240,000","4,000","15,200,000","51,000","19,400",80.0,43.0,72.0
11/20/14,3/9/14,2014-11,"220,000","4,000","25,800,000","120,000","52,900",79.0,33.0,71.0
11/21/14,3/16/14,2014-11,"210,000","3,000","27,700,000","140,000","54,700",77.0,44.0,69.0
11/22/14,3/23/14,2014-11,"180,000","3,000","30,000,000","180,000","67,600",80.0,42.0,68.0
11/23/14,3/30/14,2014-11,"300,000","3,000","25,200,000","140,000","57,200",76.0,43.0,69.0
11/24/14,4/6/14,2014-11,"460,000","4,000","24,500,000","120,000","52,900",80.0,38.0,73.0
11/25/14,4/13/14,2014-11,"370,000","4,000","29,700,000","130,000","53,800",81.0,39.0,68.0
11/26/14,4/20/14,2014-11,"220,000","3,000","28,700,000","140,000","55,700",83.0,34.0,75.0
11/27/14,4/27/14,2014-11,"190,000","2,000","27,100,000","140,000","54,000",90.0,35.0,69.0
11/28/14,5/4/14,2014-11,"170,000","3,000","23,700,000","110,000","46,300",89.0,38.0,64.0
11/29/14,5/11/14,2014-11,"180,000","3,000","29,400,000","150,000","56,700",74.0,36.0,65.0
11/30/14,5/18/14,2014-11,"270,000","3,000","23,000,000","100,000","49,000",65.0,35.0,62.0
12/1/14,5/25/14,2014-12,"240,000","4,000","9,400,000","67,000","29,500",58.0,28.0,58.0
12/2/14,6/1/14,2014-12,"170,000","4,000","8,000,000","67,000","27,500",67.0,29.0,58.0
12/3/14,6/8/14,2014-12,"220,000","4,000","14,100,000","83,000","32,900",73.0,27.0,59.0
12/4/14,6/15/14,2014-12,"220,000","4,000","19,100,000","100,000","39,200",60.0,27.0,57.0
12/5/14,6/22/14,2014-12,"170,000","4,000","19,600,000","110,000","40,400",58.0,27.0,57.0
12/6/14,6/29/14,2014-12,"160,000","3,000","19,300,000","120,000","41,700",51.0,22.0,52.0
12/7/14,7/6/14,2014-12,"220,000","3,000","19,000,000","120,000","40,100",61.0,29.0,53.0
12/8/14,7/13/14,2014-12,"240,000","4,000","13,100,000","76,000","40,400",62.0,28.0,55.0
12/9/14,7/20/14,2014-12,"170,000","4,000","13,200,000","77,000","45,700",63.0,22.0,51.0
12/10/14,7/27/14,2014-12,"170,000","4,000","55,600,000","130,000","77,800",65.0,25.0,53.0
12/11/14,8/3/14,2014-12,"210,000","4,000","57,900,000","140,000","82,400",60.0,21.0,55.0
12/12/14,8/10/14,2014-12,"130,000","3,000","26,900,000","110,000","61,700",67.0,25.0,57.0
12/13/14,8/17/14,2014-12,"110,000","3,000","30,700,000","160,000","82,100",65.0,25.0,57.0
12/14/14,8/24/14,2014-12,"140,000","3,000","31,100,000","160,000","85,800",73.0,24.0,60.0
12/15/14,8/31/14,2014-12,"190,000","4,000","33,500,000","160,000","85,400",62.0,25.0,61.0
12/16/14,9/7/14,2014-12,"230,000","4,000","30,800,000","150,000","79,000",67.0,25.0,65.0
12/17/14,9/14/14,2014-12,"160,000","4,000","27,100,000","110,000","66,500",80.0,24.0,66.0
12/18/14,9/21/14,2014-12,"200,000","4,000","47,000,000","160,000","92,900",77.0,27.0,66.0
12/19/14,9/28/14,2014-12,"210,000","3,000","43,800,000","160,000","94,500",80.0,27.0,67.0
12/20/14,10/5/14,2014-12,"150,000","2,000","34,700,000","160,000","91,800",77.0,31.0,66.0
12/21/14,10/12/14,2014-12,"140,000","2,000","39,000,000","180,000","98,100",76.0,28.0,65.0
12/22/14,10/19/14,2014-12,"190,000","3,000","26,400,000","120,000","71,200",78.0,32.0,73.0
12/23/14,10/26/14,2014-12,"240,000","3,000","22,400,000","110,000","61,200",73.0,27.0,66.0
12/24/14,11/2/14,2014-12,"260,000","2,000","53,500,000","120,000","69,800",78.0,33.0,69.0
12/25/14,11/9/14,2014-12,"110,000","2,000","55,300,000","220,000","132,000",74.0,33.0,71.0
12/26/14,11/16/14,2014-12,"180,000","2,000","28,200,000","140,000","78,700",78.0,30.0,70.0
12/27/14,11/23/14,2014-12,"170,000","3,000","33,700,000","190,000","91,700",60.0,23.0,57.0
12/28/14,11/30/14,2014-12,"190,000","3,000","58,100,000","270,000","144,000",85.0,33.0,65.0
12/29/14,12/7/14,2014-12,"310,000","4,000","27,800,000","150,000","85,800",98.0,35.0,65.0
12/30/14,12/14/14,2014-12,"210,000","4,000","29,400,000","160,000","85,300",77.0,28.0,57.0
12/31/14,12/21/14,2014-12,"150,000","3,000","18,200,000","94,000","62,600",50.0,17.0,41.0
1/1/15,12/28/14,2015-1,"70,000","2,000","12,800,000","81,000","59,000",54.0,23.0,44.0
1/2/15,1/4/15,2015-1,"110,000","3,000","13,300,000","83,000","61,400",65.0,29.0,55.0
1/3/15,1/11/15,2015-1,"150,000","3,000","11,200,000","80,000","57,900",71.0,25.0,59.0
1/4/15,1/18/15,2015-1,"150,000","3,000","10,800,000","77,000","54,900",73.0,28.0,63.0
1/5/15,1/25/15,2015-1,"130,000","4,000","14,200,000","89,000","60,400",72.0,30.0,66.0
1/6/15,2/1/15,2015-1,"190,000","4,000","15,800,000","84,000","59,300",81.0,100.0,63.0
1/7/15,2/8/15,2015-1,"180,000","4,000","17,000,000","90,000","63,700",76.0,74.0,63.0
1/8/15,2/15/15,2015-1,"160,000","5,000","16,800,000","87,000","61,600",70.0,55.0,65.0
1/9/15,2/22/15,2015-1,"150,000","4,000","11,400,000","50,000","47,200",77.0,83.0,65.0
1/10/15,3/1/15,2015-1,"140,000","3,000","17,300,000","110,000","71,400",76.0,64.0,65.0
1/11/15,3/8/15,2015-1,"150,000","3,000","14,800,000","71,000","55,000",74.0,91.0,67.0
1/12/15,3/15/15,2015-1,"180,000","5,000","15,900,000","99,000","68,500",77.0,91.0,65.0
1/13/15,3/22/15,2015-1,"170,000","6,000","11,100,000","69,000","51,300",82.0,98.0,64.0
1/14/15,3/29/15,2015-1,"170,000","6,000","14,900,000","86,000","59,600",80.0,72.0,62.0
1/15/15,4/5/15,2015-1,"160,000","6,000","16,400,000","100,000","62,200",80.0,64.0,63.0
1/16/15,4/12/15,2015-1,"140,000","5,000","17,700,000","100,000","62,400",82.0,61.0,66.0
1/17/15,4/19/15,2015-1,"110,000","4,000","14,200,000","96,000","58,300",83.0,64.0,66.0
1/18/15,4/26/15,2015-1,"120,000","4,000","16,200,000","100,000","60,900",88.0,63.0,64.0
1/19/15,5/3/15,2015-1,"160,000","5,000","14,200,000","100,000","59,100",82.0,55.0,62.0
1/20/15,5/10/15,2015-1,"180,000","6,000","34,400,000","91,000","63,700",78.0,71.0,66.0
1/21/15,5/17/15,2015-1,"230,000","6,000","41,100,000","87,000","63,600",70.0,56.0,62.0
1/22/15,5/24/15,2015-1,"190,000","6,000","33,200,000","88,000","61,200",61.0,61.0,62.0
1/23/15,5/31/15,2015-1,"160,000","6,000","28,500,000","92,000","61,600",65.0,61.0,60.0
1/24/15,6/7/15,2015-1,"130,000","4,000","21,600,000","86,000","61,100",68.0,56.0,59.0
1/25/15,6/14/15,2015-1,"140,000","4,000","16,900,000","79,000","53,800",65.0,51.0,57.0
1/26/15,6/21/15,2015-1,"180,000","6,000","26,500,000","88,000","60,400",62.0,55.0,54.0
1/27/15,6/28/15,2015-1,"170,000","7,000","28,700,000","90,000","62,300",63.0,52.0,51.0
1/28/15,7/5/15,2015-1,"190,000","7,000","30,600,000","87,000","63,300",65.0,53.0,55.0
1/29/15,7/12/15,2015-1,"180,000","7,000","28,600,000","86,000","62,000",67.0,50.0,58.0
1/30/15,7/19/15,2015-1,"170,000","6,000","54,800,000","110,000","81,500",55.0,40.0,49.0
1/31/15,,2015-1,"140,000","5,000","19,600,000","78,000","55,600",,,
2/1/15,,2015-2,"170,000","4,000","16,100,000","91,000","56,600",,,
2/2/15,,2015-2,"190,000","6,000","17,800,000","97,000","63,400",,,
2/3/15,,2015-2,"340,000","12,000","63,700,000","150,000","96,000",,,
2/4/15,,2015-2,"250,000","12,000","50,000,000","230,000","122,000",,,
2/5/15,,2015-2,"240,000","9,000","131,400,000","450,000","250,000",,,
2/6/15,,2015-2,"230,000","9,000","163,400,000","520,000","254,000",,,
2/7/15,,2015-2,"200,000","6,000","69,600,000","410,000","178,000",,,
2/8/15,,2015-2,"200,000","6,000","81,400,000","440,000","207,000",,,
2/9/15,,2015-2,"250,000","9,000","83,000,000","370,000","191,000",,,
2/10/15,,2015-2,"240,000","9,000","58,100,000","360,000","169,000",,,
2/11/15,,2015-2,"240,000","9,000","50,700,000","310,000","155,000",,,
2/12/15,,2015-2,"240,000","8,000","75,200,000","440,000","188,000",,,
2/13/15,,2015-2,"240,000","9,000","197,000,000","640,000","271,000",,,
2/14/15,,2015-2,"180,000","5,000","60,100,000","460,000","191,000",,,
2/15/15,,2015-2,"200,000","5,000","52,200,000","420,000","178,000",,,
2/16/15,,2015-2,"250,000","8,000","39,200,000","300,000","138,000",,,
2/17/15,,2015-2,"260,000","8,000","66,100,000","440,000","177,000",,,
2/18/15,,2015-2,"240,000","9,000","146,700,000","540,000","241,000",,,
2/19/15,,2015-2,"240,000","8,000","94,300,000","470,000","205,000",,,
2/20/15,,2015-2,"210,000","7,000","73,200,000","440,000","188,000",,,
2/21/15,,2015-2,"180,000","6,000","71,800,000","430,000","178,000",,,
2/22/15,,2015-2,"200,000","6,000","72,400,000","410,000","171,000",,,
2/23/15,,2015-2,"260,000","9,000","63,700,000","410,000","176,000",,,
2/24/15,,2015-2,"260,000","10,000","57,400,000","400,000","192,000",,,
2/25/15,,2015-2,"240,000","8,000","66,700,000","390,000","197,000",,,
2/26/15,,2015-2,"210,000","8,000","116,000,000","390,000","204,000",,,
2/27/15,,2015-2,"190,000","8,000","185,900,000","480,000","276,000",,,
2/28/15,,2015-2,"160,000","5,000","50,000,000","290,000","191,000",,,
3/1/15,,2015-3,"180,000","6,000","56,800,000","340,000","206,000",,,
3/2/15,,2015-3,"220,000","8,000","53,500,000","340,000","222,000",,,
3/3/15,,2015-3,"220,000","8,000","57,700,000","370,000","232,000",,,
3/4/15,,2015-3,"200,000","7,000","53,100,000","340,000","220,000",,,
3/5/15,,2015-3,"200,000","7,000","43,700,000","280,000","179,000",,,
3/6/15,,2015-3,"180,000","6,000","45,600,000","300,000","188,000",,,
3/7/15,,2015-3,"140,000","5,000","58,800,000","410,000","225,000",,,
3/8/15,,2015-3,"150,000","5,000","51,600,000","370,000","212,000",,,
3/9/15,,2015-3,"230,000","12,000","181,100,000","510,000","327,000",,,
3/10/15,,2015-3,"240,000","11,000","51,600,000","310,000","193,000",,,
3/11/15,,2015-3,"210,000","8,000","52,700,000","320,000","188,000",,,
3/12/15,,2015-3,"190,000","8,000","50,300,000","280,000","169,000",,,
3/13/15,,2015-3,"160,000","7,000","64,600,000","320,000","179,000",,,
3/14/15,,2015-3,"130,000","4,000","67,000,000","350,000","191,000",,,
3/15/15,,2015-3,"140,000","5,000","62,000,000","310,000","176,000",,,
3/16/15,,2015-3,"200,000","8,000","132,200,000","300,000","194,000",,,
3/17/15,,2015-3,"190,000","9,000","51,900,000","270,000","164,000",,,
3/18/15,,2015-3,"200,000","9,000","74,200,000","370,000","205,000",,,
3/19/15,,2015-3,"200,000","9,000","121,300,000","430,000","239,000",,,
3/20/15,,2015-3,"170,000","7,000","80,900,000","430,000","220,000",,,
3/21/15,,2015-3,"130,000","5,000","87,200,000","560,000","257,000",,,
3/22/15,,2015-3,"160,000","5,000","108,300,000","630,000","269,000",,,
3/23/15,,2015-3,"300,000","9,000","101,200,000","590,000","305,000",,,
3/24/15,,2015-3,"510,000","11,000","120,600,000","460,000","256,000",,,
3/25/15,,2015-3,"1,270,000","14,000","199,100,000","580,000","307,000",,,
3/26/15,,2015-3,"1,630,000","13,000","95,500,000","490,000","257,000",,,
3/27/15,,2015-3,"2,230,000","14,000","111,500,000","530,000","282,000",,,
3/28/15,,2015-3,"1,990,000","12,000","146,700,000","580,000","288,000",,,
3/29/15,,2015-3,"1,940,000","13,000","130,500,000","540,000","274,000",,,
3/30/15,,2015-3,"3,340,000","19,000","87,600,000","450,000","256,000",,,
3/31/15,,2015-3,"3,310,000","19,000","58,100,000","230,000","154,000",,,
4/1/15,,2015-4,"1,300,000","11,000","29,400,000","170,000","110,000",,,
4/2/15,,2015-4,"190,000","6,000","25,900,000","170,000","96,200",,,
4/3/15,,2015-4,"150,000","5,000","16,800,000","160,000","85,400",,,
4/4/15,,2015-4,"130,000","4,000","17,500,000","170,000","83,900",,,
4/5/15,,2015-4,"130,000","4,000","17,800,000","170,000","78,700",,,
4/6/15,,2015-4,"190,000","6,000","17,200,000","160,000","80,400",,,
4/7/15,,2015-4,"200,000","7,000","19,500,000","190,000","88,100",,,
4/8/15,,2015-4,"210,000","7,000","20,300,000","180,000","87,400",,,
4/9/15,,2015-4,"200,000","7,000","23,100,000","190,000","91,100",,,
4/10/15,,2015-4,"210,000","6,000","20,500,000","180,000","82,700",,,
4/11/15,,2015-4,"170,000","4,000","23,500,000","210,000","91,000",,,
4/12/15,,2015-4,"190,000","5,000","20,900,000","200,000","85,200",,,
4/13/15,,2015-4,"240,000","7,000","19,500,000","160,000","75,100",,,
4/14/15,,2015-4,"220,000","7,000","39,100,000","270,000","118,000",,,
4/15/15,,2015-4,"210,000","7,000","35,700,000","210,000","99,800",,,
4/16/15,,2015-4,"200,000","7,000","42,400,000","200,000","96,200",,,
4/17/15,,2015-4,"170,000","6,000","42,500,000","170,000","93,900",,,
4/18/15,,2015-4,"150,000","4,000","48,300,000","220,000","112,000",,,
4/19/15,,2015-4,"170,000","5,000","57,900,000","260,000","129,000",,,
4/20/15,,2015-4,"200,000","7,000","54,200,000","270,000","134,000",,,
4/21/15,,2015-4,"220,000","7,000","49,000,000","250,000","125,000",,,
4/22/15,,2015-4,"210,000","6,000","47,800,000","240,000","121,000",,,
4/23/15,,2015-4,"220,000","7,000","46,300,000","240,000","119,000",,,
4/24/15,,2015-4,"210,000","7,000","44,700,000","260,000","117,000",,,
4/25/15,,2015-4,"190,000","4,000","48,100,000","260,000","121,000",,,
4/26/15,,2015-4,"200,000","5,000","46,600,000","240,000","111,000",,,
4/27/15,,2015-4,"240,000","7,000","31,300,000","170,000","93,100",,,
4/28/15,,2015-4,"250,000","7,000","21,200,000","100,000","67,000",,,
4/29/15,,2015-4,"250,000","7,000","23,000,000","83,000","61,200",,,
4/30/15,,2015-4,"250,000","7,000","18,800,000","67,000","51,000",,,
5/1/15,,2015-5,"260,000","6,000","58,700,000","170,000","95,900",,,
5/2/15,,2015-5,"190,000","4,000","31,200,000","140,000","74,100",,,
5/3/15,,2015-5,"200,000","4,000","38,400,000","180,000","87,100",,,
5/4/15,,2015-5,"250,000","7,000","35,800,000","180,000","91,500",,,
5/5/15,,2015-5,"250,000","7,000","32,100,000","170,000","78,900",,,
5/6/15,,2015-5,"240,000","6,000","28,100,000","130,000","70,000",,,
5/7/15,,2015-5,"250,000","6,000","31,400,000","140,000","77,400",,,
5/8/15,,2015-5,"220,000","6,000","33,300,000","170,000","85,900",,,
5/9/15,,2015-5,"170,000","4,000","34,500,000","160,000","84,400",,,
5/10/15,,2015-5,"170,000","4,000","36,300,000","170,000","81,700",,,
5/11/15,,2015-5,"240,000","7,000","31,800,000","150,000","79,600",,,
5/12/15,,2015-5,"250,000","8,000","28,800,000","160,000","84,500",,,
5/13/15,,2015-5,"250,000","7,000","39,000,000","180,000","92,400",,,
5/14/15,,2015-5,"250,000","9,000","243,600,000","330,000","183,000",,,
5/15/15,,2015-5,"290,000","6,000","28,500,000","170,000","92,300",,,
5/16/15,,2015-5,"160,000","4,000","29,900,000","180,000","91,100",,,
5/17/15,,2015-5,"180,000","4,000","26,800,000","190,000","89,600",,,
5/18/15,,2015-5,"650,000","9,000","22,800,000","160,000","83,800",,,
5/19/15,,2015-5,"630,000","10,000","65,100,000","190,000","97,300",,,
5/20/15,,2015-5,"2,010,000","15,000","29,800,000","180,000","96,000",,,
5/21/15,,2015-5,"1,330,000","13,000","33,500,000","200,000","103,000",,,
5/22/15,,2015-5,"2,080,000","17,000","36,200,000","220,000","120,000",,,
5/23/15,,2015-5,"1,850,000","16,000","40,200,000","260,000","133,000",,,
5/24/15,,2015-5,"2,000,000","17,000","45,700,000","300,000","151,000",,,
5/25/15,,2015-5,"2,040,000","18,000","47,900,000","320,000","154,000",,,
5/26/15,,2015-5,"2,470,000","24,000","87,100,000","320,000","175,000",,,
5/27/15,,2015-5,"2,340,000","22,000","81,400,000","420,000","227,000",,,
5/28/15,,2015-5,"2,410,000","19,000","49,400,000","310,000","174,000",,,
5/29/15,,2015-5,"2,550,000","18,000","134,500,000","400,000","216,000",,,
5/30/15,,2015-5,"2,230,000","17,000","48,800,000","370,000","201,000",,,
5/31/15,,2015-5,"2,450,000","18,000","48,300,000","320,000","178,000",,,
6/1/15,,2015-6,"2,780,000","22,000","46,800,000","210,000","129,000",,,
6/2/15,,2015-6,"3,120,000","22,000","57,500,000","240,000","133,000",,,
6/3/15,,2015-6,"1,790,000","13,000","101,100,000","280,000","142,000",,,
6/4/15,,2015-6,"1,580,000","12,000","56,500,000","240,000","126,000",,,
6/5/15,,2015-6,"1,610,000","12,000","51,800,000","240,000","124,000",,,
6/6/15,,2015-6,"1,270,000","10,000","57,200,000","270,000","136,000",,,
6/7/15,,2015-6,"1,360,000","11,000","64,900,000","310,000","147,000",,,
6/8/15,,2015-6,"1,470,000","13,000","58,000,000","270,000","142,000",,,
6/9/15,,2015-6,"1,520,000","14,000","44,200,000","240,000","129,000",,,
6/10/15,,2015-6,"1,530,000","15,000","40,900,000","230,000","123,000",,,
6/11/15,,2015-6,"1,080,000","12,000","78,600,000","240,000","126,000",,,
6/12/15,,2015-6,"1,010,000","11,000","50,700,000","300,000","162,000",,,
6/13/15,,2015-6,"1,050,000","11,000","47,100,000","290,000","144,000",,,
6/14/15,,2015-6,"1,170,000","12,000","53,200,000","320,000","151,000",,,
6/15/15,,2015-6,"1,340,000","14,000","43,000,000","270,000","140,000",,,
6/16/15,,2015-6,"1,360,000","13,000","42,900,000","270,000","138,000",,,
6/17/15,,2015-6,"1,420,000","12,000","42,000,000","250,000","130,000",,,
6/18/15,,2015-6,"1,260,000","12,000","43,600,000","250,000","134,000",,,
6/19/15,,2015-6,"1,170,000","11,000","42,000,000","260,000","140,000",,,
6/20/15,,2015-6,"1,290,000","10,000","46,000,000","280,000","146,000",,,
6/21/15,,2015-6,"1,240,000","11,000","47,600,000","300,000","154,000",,,
6/22/15,,2015-6,"1,290,000","12,000","50,300,000","280,000","146,000",,,
6/23/15,,2015-6,"1,380,000","12,000","40,300,000","240,000","134,000",,,
6/24/15,,2015-6,"1,170,000","11,000","41,500,000","230,000","128,000",,,
6/25/15,,2015-6,"1,110,000","11,000","33,800,000","180,000","105,000",,,
6/26/15,,2015-6,"1,020,000","10,000","36,400,000","210,000","115,000",,,
6/27/15,,2015-6,"980,000","10,000","95,000,000","330,000","182,000",,,
6/28/15,,2015-6,"900,000","10,000","95,700,000","330,000","186,000",,,
6/29/15,,2015-6,"1,090,000","13,000","41,500,000","250,000","148,000",,,
6/30/15,,2015-6,"1,110,000","13,000","38,800,000","230,000","130,000",,,
,,,,,,,,,,
,,,,,,,,,,
,,,,,,,,,,
,,,,,,,,,,
,,,,,,,,,,
,,,,,,,,,,
,,,,,,,,,,
,,,,,,,,,,
,,,,,,,,,,
,,,,,,,,,,
,,,,,,,,,,
,,,,,,,,,,
,,,,,,,,,,
,,,,,,,,,,
,,,,,,,,,,
,,,,,,,,,,
,,,,,,,,,,
,,,,,,,,,,
,,,,,,,,,,
,,,,,,,,,,
,,,,,,,,,,
,,,,,,,,,,
,,,,,,,,,,
,,,,,,,,,,
,,,,,,,,,,
,,,,,,,,,,
,,,,,,,,,,
,,,,,,,,,,
,,,,,,,,,,
,,,,,,,,,,
,,,,,,,,,,
,,,,,,,,,,
,,,,,,,,,,
,,,,,,,,,,
,,,,,,,,,,
,,,,,,,,,,
,,,,,,,,,,
,,,,,,,,,,
,,,,,,,,,,
,,,,,,,,,,
,,,,,,,,,,
,,,,,,,,,,
,,,,,,,,,,
,,,,,,,,,,
,,,,,,,,,,
,,,,,,,,,,
,,,,,,,,,,
,,,,,,,,,,
,,,,,,,,,,
,,,,,,,,,,
,,,,,,,,,,
,,,,,,,,,,
,,,,,,,,,,
,,,,,,,,,,
,,,,,,,,,,
,,,,,,,,,,
,,,,,,,,,,
,,,,,,,,,,
,,,,,,,,,,
,,,,,,,,,,
,,,,,,,,,,
,,,,,,,,,,
,,,,,,,,,,
,,,,,,,,,,
,,,,,,,,,,
